default.htm|N|N|N|Y|1135251205765
course/default.htm|N|N|N|Y|1122644832484
course/Answers/absoluterelative-exercise.htm|N|N|N|Y|1122644832484
course/Answers/contact-exercise.htm|N|N|N|Y|1122644832484
course/Answers/forcedconvection-exercise.htm|N|N|N|Y|1122644832484
course/Answers/HPcomp-exercise.htm|N|N|N|Y|1122644832484
course/Answers/HPturb-exercise.htm|N|N|N|Y|1122644832484
course/Answers/interdependencies-exercise.htm|N|N|N|Y|1122644832484
course/Answers/IPcomp-exercise.htm|N|N|N|Y|1122644832484
course/Answers/LPturb-exercise.htm|N|N|N|Y|1122644832484
course/Answers/scalinganswer-exercise1.htm|N|N|N|Y|1122644832484
course/Answers/scalinganswer-exercise2.htm|N|N|N|Y|1122644832484
course/Answers/scalinganswer21.htm|N|N|N|Y|1122644832484
course/Answers/scalinganswer22.htm|N|N|N|Y|1122644832484
course/Answers/stream-exercise.htm|N|N|N|Y|1122644832484
course/Answers/thicknessproperty-exercise.htm|N|N|N|Y|1122644832484
course/Answers/void-exercise.htm|N|N|N|Y|1122644832484
course/Answers/windage-exercise.htm|N|N|N|Y|1122644832484
course/course_notes/FE Intro.ppt|N|N|N|Y|1040289711748
course/course_notes/Thermal Systems Course intro.doc|N|N|N|Y|1103637959281
course/course_notes/Thermal Systems Course notes.doc|N|N|N|Y|1071748938328
course/course_notes/Thermal Systems Course Scaling.doc|N|N|N|Y|1071748938328
course/Introduction/introduction.htm|N|N|N|Y|1122644832484
course/Introduction/whatis.htm|N|N|N|Y|1122644832484
course/part1B/scaling.htm|N|N|N|Y|1122644832484
course/part1B/scaling2.htm|N|N|N|Y|1122644832484
course/part2/absoluterelativetemperature.htm|N|N|N|Y|1122644832484
course/part2/cfddemo.htm|N|N|N|Y|1122644832484
course/part2/contact.htm|N|N|N|Y|1122644832484
course/part2/correlationslisting.htm|N|N|N|Y|1122644832484
course/part2/default.htm|N|N|N|Y|1122644832484
course/part2/definingthecycle.htm|N|N|N|Y|1122644832484
course/part2/displacements.htm|N|N|N|Y|1122644832484
course/part2/duct.htm|N|N|N|Y|1122644832484
course/part2/entrainment.htm|N|N|N|Y|1122644832484
course/part2/exrad.htm|N|N|N|Y|1122644832484
course/part2/fluidtemperatures.htm|N|N|N|Y|1122644832484
course/part2/htc.htm|N|N|N|Y|1122644832484
course/part2/inrad.htm|N|N|N|Y|1122644832484
course/part2/interdependencies.htm|N|N|N|Y|1122644832484
course/part2/massflows.htm|N|N|N|Y|1122644832484
course/part2/practicalexamples.htm|N|N|N|Y|1122644832484
course/part2/stream.htm|N|N|N|Y|1122644832484
course/part2/thicknessproperties.htm|N|N|N|Y|1122644832484
course/part2/units.htm|N|N|N|Y|1122644832484
course/part2/validation.htm|N|N|N|Y|1122644832484
course/part2/void.htm|N|N|N|Y|1122644832484
course/part2/webdemo.htm|N|N|N|Y|1122644832484
course/part2/windage.htm|N|N|N|Y|1122644832484
course/part2/zone.htm|N|N|N|Y|1122644832484
general/general.example.start.pm|N|N|N|Y|1103637959281
general/tutorial_files.htm|N|N|N|Y|1122644832484
general_example/default.htm|N|N|N|Y|1136281645390
general_example/ex_1.htm|N|N|N|Y|1136281645390
general_example/ex_1_help.htm|N|N|N|Y|1136282584500
general_example/ex_2.htm|N|N|N|Y|1136281645390
general_example/ex_2_help.htm|N|N|N|Y|1136282584500
general_example/ex_3.htm|N|N|N|Y|1136281645390
general_example/ex_3_help.htm|N|N|N|Y|1136282584500
general_example/ex_4.htm|N|N|N|Y|1136281645390
general_example/ex_4_help.htm|N|N|N|Y|1136282584500
general_example/ex_5.htm|N|N|N|Y|1136281645390
general_example/ex_5_help.htm|N|N|N|Y|1136282584500
general_example/introduction_to_the_general_exam.htm|N|N|N|Y|1136281640093
general_example/model_details.htm|N|N|N|Y|1136282584500
sc03_conversion/common_commands.htm|N|N|N|Y|1122644832484
sc03_conversion/converting_sc01_to_sc03.htm|N|N|N|Y|1122644832484
sc03_conversion/default.htm|N|N|N|Y|1122644832484
sc03_conversion/read_IGES_file.htm|N|N|N|Y|1122644832484
sc03_conversion/starting_sc03.htm|N|N|N|Y|1122644832484
sc03_home/sc0103_areaprops.htm|N|N|N|Y|1122644832484
sc03_home/sc0103_control.htm|N|N|N|Y|1122644832484
sc03_home/sc0103_disp_opt.htm|N|N|N|Y|1122644832484
sc03_home/sc0103_equiv_comm.htm|N|N|N|Y|1122644832484
sc03_home/sc0103_file.htm|N|N|N|Y|1122644832484
sc03_home/sc0103_geometry.htm|N|N|N|Y|1122644832484
sc03_home/sc0103_results.htm|N|N|N|Y|1122644832484
sc03_home/sc0103_structbc.htm|N|N|N|Y|1122644832484
sc03_home/sc0103_temps.htm|N|N|N|Y|1122644832484
sc03_home/sc0103_thermbc.htm|N|N|N|Y|1122644832484
sc03_home/sc03_training.htm|N|N|N|Y|1135251205765
topic/toc.htm|N|N|N|Y|1135251205765
_private/ex_5_results.htm|N|N|N|Y|1122644832484
_private/headers_footers/header_new.htm|N|N|N|Y|1071748938328
_private/headers_footers/web_footer.htm|N|N|N|Y|1122644832484
_private/headers_footers/web_info.htm|N|N|N|Y|1135251205765
course/Answers/Images/HPCanswer.gif|N|N|N|Y|1029227841078
course/Answers/Images/HPTanswer.gif|N|N|N|Y|1029227841078
course/Answers/Images/Image10.gif|N|N|N|Y|1029227841078
course/Answers/Images/Image136.gif|N|N|N|Y|1029227841078
course/Answers/Images/Image137.gif|N|N|N|Y|1029227841078
course/Answers/Images/Image138.gif|N|N|N|Y|1029227841078
course/Answers/Images/Image139.gif|N|N|N|Y|1029227841078
course/Answers/Images/Image140.gif|N|N|N|Y|1029227841078
course/Answers/Images/Image141.gif|N|N|N|Y|1029227841078
course/Answers/Images/Image142.gif|N|N|N|Y|1029227841078
course/Answers/Images/Image143.gif|N|N|N|Y|1029227841078
course/Answers/Images/Image144.gif|N|N|N|Y|1029227841078
course/Answers/Images/Image145.gif|N|N|N|Y|1029227841078
course/Answers/Images/Image146.gif|N|N|N|Y|1029227841078
course/Answers/Images/Image147.gif|N|N|N|Y|1029227841078
course/Answers/Images/Image148.gif|N|N|N|Y|1029227841078
course/Answers/Images/Image149.gif|N|N|N|Y|1029227841078
course/Answers/Images/Image150.gif|N|N|N|Y|1029227841078
course/Answers/Images/Image151.gif|N|N|N|Y|1029227841078
course/Answers/Images/Image152.gif|N|N|N|Y|1029227841078
course/Answers/Images/Image153.gif|N|N|N|Y|1029227841078
course/Answers/Images/Image155.gif|N|N|N|Y|1029227841078
course/Answers/Images/IPCanswer.gif|N|N|N|Y|1029227841078
course/Answers/Images/key.gif|N|N|N|Y|1029227841078
course/Answers/Images/lpt.gif|N|N|N|Y|1029227841078
course/Introduction/Images/Image100.gif|N|N|N|Y|1029227841078
course/Introduction/Images/Image101.gif|N|N|N|Y|1029227841078
course/Introduction/Images/Image102.gif|N|N|N|Y|1029227841078
course/Introduction/Images/Image98.gif|N|N|N|Y|1029227841078
course/Introduction/Images/Image99.gif|N|N|N|Y|1029227841078
course/part1B/Images/Image103.gif|N|N|N|Y|1029227841078
course/part1B/Images/Image104.gif|N|N|N|Y|1029227841078
course/part1B/Images/Image105.gif|N|N|N|Y|1029227841078
course/part1B/Images/Image106.gif|N|N|N|Y|1029227841078
course/part1B/Images/Image107.gif|N|N|N|Y|1029227841078
course/part1B/Images/Image108.gif|N|N|N|Y|1029227841078
course/part1B/Images/Image109.gif|N|N|N|Y|1029227841078
course/part1B/Images/Image110.gif|N|N|N|Y|1029227841078
course/part1B/Images/Image111.gif|N|N|N|Y|1029227841078
course/part1B/Images/Image112.gif|N|N|N|Y|1029227841078
course/part1B/Images/Image113.gif|N|N|N|Y|1029227841078
course/part1B/Images/Image114.gif|N|N|N|Y|1029227841078
course/part1B/Images/Image115.gif|N|N|N|Y|1029227841078
course/part1B/Images/Image116.gif|N|N|N|Y|1029227841078
course/part1B/Images/Image117.gif|N|N|N|Y|1029227841078
course/part1B/Images/Image118.gif|N|N|N|Y|1029227841078
course/part1B/Images/Image119.gif|N|N|N|Y|1029227841078
course/part1B/Images/Image120.gif|N|N|N|Y|1029227841078
course/part1B/Images/Image121.gif|N|N|N|Y|1029227841078
course/part1B/Images/Image122.gif|N|N|N|Y|1029227841078
course/part1B/Images/Image123.gif|N|N|N|Y|1029227841078
course/part1B/Images/Image124.gif|N|N|N|Y|1029227841078
course/part1B/Images/Image125.gif|N|N|N|Y|1029227841078
course/part1B/Images/Image126.gif|N|N|N|Y|1029227841078
course/part1B/Images/Image127.gif|N|N|N|Y|1029227841078
course/part1B/Images/Image128.gif|N|N|N|Y|1029227841078
course/part1B/Images/Image129.gif|N|N|N|Y|1029227841078
course/part1B/Images/Image130.gif|N|N|N|Y|1029227841078
course/part1B/Images/Image131.gif|N|N|N|Y|1029227841078
course/part1B/Images/Image132.gif|N|N|N|Y|1029227841078
course/part1B/Images/Image133.gif|N|N|N|Y|1029227841078
course/part1B/Images/Image134.gif|N|N|N|Y|1029227841078
course/part1B/Images/Image135.gif|N|N|N|Y|1029227841078
course/part1B/Images/Image72.gif|N|N|N|Y|1029227841078
course/part2/images/airsystem.gif|N|N|N|Y|1029227841078
course/part2/images/cfddem2.jpg|N|N|N|Y|1029227841078
course/part2/images/hpc.gif|N|N|N|Y|1029227841078
course/part2/images/HPT.gif|N|N|N|Y|1029227841078
course/part2/images/Image1.gif|N|N|N|Y|1029227841078
course/part2/images/Image10.gif|N|N|N|Y|1029227841078
course/part2/images/Image11.gif|N|N|N|Y|1029227841078
course/part2/images/Image12.gif|N|N|N|Y|1029227841078
course/part2/images/Image13.gif|N|N|N|Y|1029227841078
course/part2/images/Image14.gif|N|N|N|Y|1029227841078
course/part2/images/Image17.gif|N|N|N|Y|1029227841078
course/part2/images/Image18.gif|N|N|N|Y|1029227841078
course/part2/images/Image19.gif|N|N|N|Y|1029227841078
course/part2/images/Image2.gif|N|N|N|Y|1029227841078
course/part2/images/Image20.gif|N|N|N|Y|1029227841078
course/part2/images/Image21.gif|N|N|N|Y|1029227841078
course/part2/images/Image22.gif|N|N|N|Y|1029227841078
course/part2/images/Image23.gif|N|N|N|Y|1029227841078
course/part2/images/Image24.gif|N|N|N|Y|1029227841078
course/part2/images/Image25.gif|N|N|N|Y|1029227841078
course/part2/images/Image26.gif|N|N|N|Y|1029227841078
course/part2/images/Image27.gif|N|N|N|Y|1029227841078
course/part2/images/Image28.gif|N|N|N|Y|1029227841078
course/part2/images/Image29.gif|N|N|N|Y|1029227841078
course/part2/images/Image3.gif|N|N|N|Y|1029227841078
course/part2/images/Image30.gif|N|N|N|Y|1029227841078
course/part2/images/Image31.gif|N|N|N|Y|1029227841078
course/part2/images/Image32.gif|N|N|N|Y|1029227841078
course/part2/images/Image33.gif|N|N|N|Y|1029227841078
course/part2/images/Image34.gif|N|N|N|Y|1029227841078
course/part2/images/Image35.gif|N|N|N|Y|1029227841078
course/part2/images/Image36.gif|N|N|N|Y|1029227841078
course/part2/images/Image37.gif|N|N|N|Y|1029227841078
course/part2/images/Image38.gif|N|N|N|Y|1029227841078
course/part2/images/Image39.gif|N|N|N|Y|1029227841078
course/part2/images/Image4.gif|N|N|N|Y|1029227841078
course/part2/images/Image40.gif|N|N|N|Y|1029227841078
course/part2/images/Image41.gif|N|N|N|Y|1029227841078
course/part2/images/Image42.gif|N|N|N|Y|1029227841078
course/part2/images/Image43.gif|N|N|N|Y|1029227841078
course/part2/images/Image44.gif|N|N|N|Y|1029227841078
course/part2/images/Image45.gif|N|N|N|Y|1029227841078
course/part2/images/Image46.gif|N|N|N|Y|1029227841078
course/part2/images/Image48.gif|N|N|N|Y|1029227841078
course/part2/images/Image49.gif|N|N|N|Y|1029227841078
course/part2/images/Image5.gif|N|N|N|Y|1029227841078
course/part2/images/Image50.gif|N|N|N|Y|1029227841078
course/part2/images/Image51.gif|N|N|N|Y|1029227841078
course/part2/images/Image52.gif|N|N|N|Y|1029227841078
course/part2/images/Image53.gif|N|N|N|Y|1029227841078
course/part2/images/Image54.gif|N|N|N|Y|1029227841078
course/part2/images/Image55.gif|N|N|N|Y|1029227841078
course/part2/images/Image56.gif|N|N|N|Y|1029227841078
course/part2/images/Image57.gif|N|N|N|Y|1029227841078
course/part2/images/Image58.gif|N|N|N|Y|1029227841078
course/part2/images/Image59.gif|N|N|N|Y|1029227841078
course/part2/images/Image60.gif|N|N|N|Y|1029227841078
course/part2/images/Image61.gif|N|N|N|Y|1029227841078
course/part2/images/Image62.gif|N|N|N|Y|1029227841078
course/part2/images/Image63.gif|N|N|N|Y|1029227841078
course/part2/images/Image64.gif|N|N|N|Y|1029227841078
course/part2/images/Image65.gif|N|N|N|Y|1029227841078
course/part2/images/Image66.gif|N|N|N|Y|1029227841078
course/part2/images/Image67.gif|N|N|N|Y|1029227841078
course/part2/images/Image68.gif|N|N|N|Y|1029227841078
course/part2/images/Image69.gif|N|N|N|Y|1029227841078
course/part2/images/Image7.gif|N|N|N|Y|1029227841078
course/part2/images/Image70.gif|N|N|N|Y|1029227841078
course/part2/images/Image71.gif|N|N|N|Y|1029227841078
course/part2/images/Image72.gif|N|N|N|Y|1029227841078
course/part2/images/Image73.gif|N|N|N|Y|1029227841078
course/part2/images/Image74.gif|N|N|N|Y|1029227841078
course/part2/images/Image75.gif|N|N|N|Y|1029227841078
course/part2/images/Image76.gif|N|N|N|Y|1029227841078
course/part2/images/Image77.gif|N|N|N|Y|1029227841078
course/part2/images/Image78.gif|N|N|N|Y|1029227841078
course/part2/images/Image79.gif|N|N|N|Y|1029227841078
course/part2/images/Image8.gif|N|N|N|Y|1029227841078
course/part2/images/Image80.gif|N|N|N|Y|1029227841078
course/part2/images/Image82.gif|N|N|N|Y|1029227841078
course/part2/images/Image83.gif|N|N|N|Y|1029227841078
course/part2/images/Image84.gif|N|N|N|Y|1029227841078
course/part2/images/Image85.gif|N|N|N|Y|1029227841078
course/part2/images/Image86.gif|N|N|N|Y|1029227841078
course/part2/images/Image87.gif|N|N|N|Y|1029227841078
course/part2/images/Image9.gif|N|N|N|Y|1029227841078
course/part2/images/Image92.gif|N|N|N|Y|1029227841078
course/part2/images/Image93.gif|N|N|N|Y|1029227841078
course/part2/images/Image94.gif|N|N|N|Y|1029227841078
course/part2/images/Image95.gif|N|N|N|Y|1029227841078
course/part2/images/Image96.gif|N|N|N|Y|1029227841078
course/part2/images/Image97.gif|N|N|N|Y|1029227841078
course/part2/images/IPC.gif|N|N|N|Y|1029227841078
course/part2/images/lpt.gif|N|N|N|Y|1029227841078
course/part2/images/voiduse.gif|N|N|N|Y|1029227841078
course/part2/images/voiduse2.gif|N|N|N|Y|1029227841078
course/part2/images/zoneuse.gif|N|N|N|Y|1029227841078
general/2col_to_1col.awk|N|N|N|Y|1029227841078
general/8357_HP5_DELY_01_12.BASIC.SP70_OUTPUT|N|N|N|Y|1029227841078
general/8357_HP5_DELY_01_12.SP70_BASE|N|N|N|Y|1029227841078
general/8357_HP5_DELY_01_12.TEST.2.SP70_OUTPUT|N|N|N|Y|1029227841078
general/make_error_pass.awk|N|N|N|Y|1029227841078
general/make_input_fdc.awk|N|N|N|Y|1029227841078
general/make_isight_input.script|N|N|N|Y|1029227841078
general/make_output_fdc.awk|N|N|N|Y|1029227841078
general/sum_error.awk|N|N|N|Y|1029227841078
general/tutorial2d.span.bdd|N|N|N|Y|1029227841078
general/tutorial3d.pm|N|N|N|Y|1029227841078
general_example/certificate.htm|N|N|N|Y|1136281645390
general_example/images/gen_ex.fig1.gif|N|N|N|Y|1136281645390
general_example/images/gen_ex.titlepage.gif|N|N|N|Y|1136281645390
general_example/images/gen_ex1.geomafter.gif|N|N|N|Y|1136281645390
general_example/images/gen_ex1.geombefore.gif|N|N|N|Y|1136281645390
general_example/images/gen_ex1.liverim1.gif|N|N|N|Y|1136281645390
general_example/images/gen_ex1.liverim2.gif|N|N|N|Y|1136281645390
general_example/images/gen_ex1.plot1.gif|N|N|N|Y|1136281645390
general_example/images/gen_ex1.plot2.gif|N|N|N|Y|1136281645390
general_example/images/gen_ex1.plot3.gif|N|N|N|Y|1136281645390
general_example/images/gen_ex1.plot4.gif|N|N|N|Y|1136281645390
general_example/images/gen_ex1.plot5.gif|N|N|N|Y|1136281645390
general_example/images/gen_ex1.plot6.gif|N|N|N|Y|1136281645390
general_example/images/gen_ex1.refpoints.gif|N|N|N|Y|1136281645390
general_example/images/gen_ex2.bc.gif|N|N|N|Y|1136281645390
general_example/images/gen_ex2.output.gif|N|N|N|Y|1136281645390
general_example/images/gen_ex2.plot1.gif|N|N|N|Y|1136281645390
general_example/images/gen_ex2.plot2.gif|N|N|N|Y|1136281645390
general_example/images/gen_ex2.plot3.gif|N|N|N|Y|1136281645390
general_example/images/gen_ex2.plot4.gif|N|N|N|Y|1136281645390
general_example/images/gen_ex2.presdis.gif|N|N|N|Y|1136281645390
general_example/images/gen_ex2.struc_anal.gif|N|N|N|Y|1136281645390
general_example/images/gen_ex2.tempinterp1.gif|N|N|N|Y|1136281645390
general_example/images/gen_ex2.tempinterp2.gif|N|N|N|Y|1136281645390
general_example/images/gen_ex2.tempinterp3.gif|N|N|N|Y|1136281645390
general_example/images/gen_ex3.plot1.gif|N|N|N|Y|1136281645390
general_example/images/gen_ex3.plot2.gif|N|N|N|Y|1136281645390
general_example/images/gen_ex3.plot3.gif|N|N|N|Y|1136281645390
general_example/images/gen_ex3.plot4.gif|N|N|N|Y|1136281645390
general_example/images/gen_ex3.refpoints.gif|N|N|N|Y|1136281645390
general_example/images/gen_ex4.plot1.gif|N|N|N|Y|1136281645390
general_example/images/gen_ex4.plot2.gif|N|N|N|Y|1136281645390
general_example/images/gen_ex4.plot3.gif|N|N|N|Y|1136281645390
general_example/images/gen_ex4.plot4.gif|N|N|N|Y|1136281645390
general_example/images/gen_ex4.refpoints.gif|N|N|N|Y|1136281645390
general_example/images/gen_ex4.refpoints1.gif|N|N|N|Y|1136281645390
general_example/images/gen_ex4.refpoints2.gif|N|N|N|Y|1136281645390
general_example/images/gen_ex4.struc_domains.gif|N|N|N|Y|1136281645390
general_example/images/gen_ex5.plot1.gif|N|N|N|Y|1136281645390
general_example/images/gen_ex5.plot2.gif|N|N|N|Y|1136281645390
general_example/images/gen_ex5.refpoints.gif|N|N|N|Y|1136281645390
general_example/images/gen_ex5.refpoint_box.gif|N|N|N|Y|1136281645390
general_example/images/gen_ex6.approximations.gif|N|N|N|Y|1136281645390
general_example/images/gen_ex6.integ.gif|N|N|N|Y|1136281645390
general_example/images/gen_ex6.opti_plan.gif|N|N|N|Y|1136281645390
general_example/images/gen_ex6.parameters.gif|N|N|N|Y|1136281645390
general_example/images/gen_ex6.step1edit.gif|N|N|N|Y|1136281645390
general_example/images/gen_ex6.taskplan.gif|N|N|N|Y|1136281645390
general_example/images/isight_mmfd.gif|N|N|N|Y|1136281645390
general_example/images/isight_sa.gif|N|N|N|Y|1136281645390
images/2dgeom1.gif|N|N|N|Y|1029227841078
images/2dgeom2.gif|N|N|N|Y|1029227841078
images/64x_book.jpg|N|N|N|Y|1029227841078
images/alt_rrlogo.gif|N|N|N|Y|1029227841078
images/ani-construction.gif|N|N|N|Y|1029227841078
images/Animations/ani_barchart_modified.gif|N|N|N|Y|1029227841078
images/Animations/Ani_explorer_back.gif|N|N|N|Y|1029227841078
images/ani_mail.gif|N|N|N|Y|1029227841078
images/back_brntxtr.jpg|N|N|N|Y|1029227841078
images/back_new.gif|N|N|N|Y|1029227841078
images/Blue_Arrow.gif|N|N|N|Y|1029227841078
images/cilogo5.gif|N|N|N|Y|1029227841078
images/equation.gif|N|N|N|Y|1029227841078
images/explorer_back.gif|N|N|N|Y|1029227841078
images/forward_new.gif|N|N|N|Y|1029227841078
images/frontpag.gif|N|N|N|Y|1029227841078
images/Green_Ball.gif|N|N|N|Y|1029227841078
images/Green_Ball315.gif|N|N|N|Y|1029227841078
images/info.gif|N|N|N|Y|1029227841078
images/input.gif|N|N|N|Y|1029227841078
images/ipd_line_159.gif|N|N|N|Y|1029227841078
images/ipd_line_161.gif|N|N|N|Y|1029227841078
images/large note.gif|N|N|N|Y|1029227841078
images/Microsoft FrontPage.gif|N|N|N|Y|1029227841078
images/Microsoft_FrontPage.gif|N|N|N|Y|1029227841078
images/MMMs.gif|N|N|N|Y|1029227841078
images/mouse.gif|N|N|N|Y|1029227841078
images/next.gif|N|N|N|Y|1029227841078
images/note.gif|N|N|N|Y|1029227841078
images/person.gif|N|N|N|Y|1029227841078
images/previous.gif|N|N|N|Y|1029227841078
images/procedures.gif|N|N|N|Y|1029227841078
images/red_note.gif|N|N|N|Y|1029227841078
images/RR badge.gif|N|N|N|Y|1029227841078
images/Rrlogo.gif|N|N|N|Y|1029227841078
images/RRnewlogo8.JPG|N|N|N|Y|1029227841078
images/sc03 welcome screen 2.gif|N|N|N|Y|1029227841078
images/sc03 welcome screen.gif|N|N|N|Y|1029227841078
images/sc03.gif|N|N|N|Y|1029227841078
images/sc03_wel_screen.gif|N|N|N|Y|1029227841078
images/single_pixel.gif|N|N|N|Y|1029227841078
images/ther_mech_header.gif|N|N|N|Y|1029227841078
images/toolbox.gif|N|N|N|Y|1029227841078
images/top_new.gif|N|N|N|Y|1029227841078
images/Turquoise_and_Gray_line.gif|N|N|N|Y|1029227841078
images/undercons.gif|N|N|N|Y|1029227841078
images/Under_const.gif|N|N|N|Y|1029227841078
images/up.gif|N|N|N|Y|1029227841078
images/wetm.gif|N|N|N|Y|1029227841078
images/wr21.gif|N|N|N|Y|1029227841078
sc03_home/images/cfddef2.gif|N|N|N|Y|1029227841078
sc03_home/images/cfddef3.gif|N|N|N|Y|1029227841078
sc03_home/images/cfddef4.gif|N|N|N|Y|1029227841078
sc03_home/images/sc03def.gif|N|N|N|Y|1029227841078
sc03_home/images/sc03start.gif|N|N|N|Y|1029227841078
sc03_home/images/sc03_logo.jpg|N|N|N|Y|1029227841078
sc03_home/images/train01.gif|N|N|N|Y|1029227841078
sc03_home/images/train03.gif|N|N|N|Y|1029227841078
sc03_home/images/train03_small.gif|N|N|N|Y|1029227841078
topic/images/homepage1.gif|N|N|N|Y|1029227841078
topic/images/ie_add_favorite.gif|N|N|N|Y|1029227841078
topic/images/ie_back.gif|N|N|N|Y|1029227841078
topic/images/ie_bmw.gif|N|N|N|Y|1029227841078
topic/images/ie_favorites.gif|N|N|N|Y|1029227841078
topic/images/ie_favorites_file.gif|N|N|N|Y|1029227841078
topic/images/ie_go.gif|N|N|N|Y|1029227841078
topic/images/ie_home.gif|N|N|N|Y|1029227841078
topic/images/ie_options.gif|N|N|N|Y|1029227841078
topic/images/netscape_add_bookmark.gif|N|N|N|Y|1029227841078
topic/images/netscape_back.gif|N|N|N|Y|1029227841078
topic/images/netscape_bmw.gif|N|N|N|Y|1029227841078
topic/images/netscape_bookmarks.gif|N|N|N|Y|1029227841078
topic/images/netscape_bookmark_file.gif|N|N|N|Y|1029227841078
topic/images/netscape_go.gif|N|N|N|Y|1029227841078
topic/images/netscape_home.gif|N|N|N|Y|1029227841078
topic/images/netscape_prefs.gif|N|N|N|Y|1029227841078
topic/images/netscape_set_homepage.gif|N|N|N|Y|1029227841078
topic/images/site_map1.gif|N|N|N|Y|1029227841078
topic/images/site_map_grad1.gif|N|N|N|Y|1029227841078
topic/images/site_map_home.gif|N|N|N|Y|1029227841078
topic/images/site_map_left.gif|N|N|N|Y|1029227841078
topic/images/site_map_oil.gif|N|N|N|Y|1029227841078
topic/images/site_map_right.gif|N|N|N|Y|1029227841078
topic/images/site_map_therm.gif|N|N|N|Y|1029227841078
topic/images/site_map_top.gif|N|N|N|Y|1029227841078
topic/images/struct_demo.gif|N|N|N|Y|1029227841078
topic/images/unstruct_demo.gif|N|N|N|Y|1029227841078
_borders/bottom.htm|N|N|N|Y|1029227841078
_borders/left.htm|N|N|N|Y|1029227841078
_borders/left2.htm|N|N|N|Y|1029227841078
_borders/top.htm|N|N|N|Y|1029227841078
_borders/top2.htm|N|N|N|Y|1029227841078
_private/headers_footers/citemplatefooter.htm|N|N|N|Y|1029227841078
_private/headers_footers/contentbar.htm|N|N|N|Y|1029227841078
_private/headers_footers/images/buttons/add.jpg|N|N|N|Y|1029227841078
_private/headers_footers/images/buttons/analysis_tools_off.jpg|N|N|N|Y|1029227841078
_private/headers_footers/images/buttons/analysis_tools_on.jpg|N|N|N|Y|1029227841078
_private/headers_footers/images/buttons/banner_engine.jpg|N|N|N|Y|1029227841078
_private/headers_footers/images/buttons/banner_engine_bottom.jpg|N|N|N|Y|1029227841078
_private/headers_footers/images/buttons/banner_engine_top.jpg|N|N|N|Y|1029227841078
_private/headers_footers/images/buttons/banner_top_curve.gif|N|N|N|Y|1029227841078
_private/headers_footers/images/buttons/best_practices_off.jpg|N|N|N|Y|1029227841078
_private/headers_footers/images/buttons/best_practices_on.jpg|N|N|N|Y|1029227841078
_private/headers_footers/images/buttons/blankdiscussionlong.jpg|N|N|N|Y|1029227841078
_private/headers_footers/images/buttons/blankfordiscussion.jpg|N|N|N|Y|1029227841078
_private/headers_footers/images/buttons/browseapprovedlong.jpg|N|N|N|Y|1029227841078
_private/headers_footers/images/buttons/browseunapprovedlong.jpg|N|N|N|Y|1029227841078
_private/headers_footers/images/buttons/centerblank.jpg|N|N|N|Y|1029227841078
_private/headers_footers/images/buttons/cfd_analysis_off.jpg|N|N|N|Y|1029227841078
_private/headers_footers/images/buttons/cfd_analysis_on.jpg|N|N|N|Y|1029227841078
_private/headers_footers/images/buttons/cfd_process.on.jpg|N|N|N|Y|1029227841078
_private/headers_footers/images/buttons/cfd_process_off.jpg|N|N|N|Y|1029227841078
_private/headers_footers/images/buttons/components_off.jpg|N|N|N|Y|1029227841078
_private/headers_footers/images/buttons/components_on.jpg|N|N|N|Y|1029227841078
_private/headers_footers/images/buttons/contents.jpg|N|N|N|Y|1029227841078
_private/headers_footers/images/buttons/design_header_name.gif|N|N|N|Y|1029227841078
_private/headers_footers/images/buttons/displacements_process_off.jpg|N|N|N|Y|1029227841078
_private/headers_footers/images/buttons/displacements_process_on.jpg|N|N|N|Y|1029227841078
_private/headers_footers/images/buttons/displacement_analysis_off.jpg|N|N|N|Y|1029227841078
_private/headers_footers/images/buttons/displacement_analysis_on.jpg|N|N|N|Y|1029227841078
_private/headers_footers/images/buttons/faqs.jpg|N|N|N|Y|1029227841078
_private/headers_footers/images/buttons/feedback.jpg|N|N|N|Y|1029227841078
_private/headers_footers/images/buttons/generalrefs.jpg|N|N|N|Y|1029227841078
_private/headers_footers/images/buttons/glossary.jpg|N|N|N|Y|1029227841078
_private/headers_footers/images/buttons/help.jpg|N|N|N|Y|1029227841078
_private/headers_footers/images/buttons/home.jpg|N|N|N|Y|1029227841078
_private/headers_footers/images/buttons/leftblank.jpg|N|N|N|Y|1029227841078
_private/headers_footers/images/buttons/lessons.jpg|N|N|N|Y|1029227841078
_private/headers_footers/images/buttons/newcilogo1.jpg|N|N|N|Y|1029227841078
_private/headers_footers/images/buttons/newrrlogo1.jpg|N|N|N|Y|1029227841078
_private/headers_footers/images/buttons/next.jpg|N|N|N|Y|1029227841078
_private/headers_footers/images/buttons/people.jpg|N|N|N|Y|1029227841078
_private/headers_footers/images/buttons/previous.jpg|N|N|N|Y|1029227841078
_private/headers_footers/images/buttons/procedures.jpg|N|N|N|Y|1029227841078
_private/headers_footers/images/buttons/reply.jpg|N|N|N|Y|1029227841078
_private/headers_footers/images/buttons/research_activities_off.jpg|N|N|N|Y|1029227841078
_private/headers_footers/images/buttons/rightblank.jpg|N|N|N|Y|1029227841078
_private/headers_footers/images/buttons/rr_blue_filler.jpg|N|N|N|Y|1029227841078
_private/headers_footers/images/buttons/saerch.jpg|N|N|N|Y|1029227841078
_private/headers_footers/images/buttons/search.jpg|N|N|N|Y|1029227841078
_private/headers_footers/images/buttons/temperature_analysis_off.jpg|N|N|N|Y|1029227841078
_private/headers_footers/images/buttons/temperature_analysis_on.jpg|N|N|N|Y|1029227841078
_private/headers_footers/images/buttons/thermals_titlebar.jpg|N|N|N|Y|1029227841078
_private/headers_footers/images/buttons/thermal_process_off.jpg|N|N|N|Y|1029227841078
_private/headers_footers/images/buttons/thermal_process_on.jpg|N|N|N|Y|1029227841078
_private/headers_footers/images/buttons/thermo_mech_off.jpg|N|N|N|Y|1029227841078
_private/headers_footers/images/buttons/thermo_mech_on.jpg|N|N|N|Y|1029227841078
_private/headers_footers/images/buttons/topichome.jpg|N|N|N|Y|1029227841078
_private/headers_footers/images/buttons/training.jpg|N|N|N|Y|1029227841078
_private/headers_footers/images/buttons/training_on.jpg|N|N|N|Y|1029227841078
_private/headers_footers/images/buttons/up.jpg|N|N|N|Y|1029227841078
_private/headers_footers/images/buttons/validation_database_off.jpg|N|N|N|Y|1029227841078
_private/headers_footers/images/buttons/validation_database_on.jpg|N|N|N|Y|1029227841078
_private/headers_footers/images/buttons/whatsnew.jpg|N|N|N|Y|1029227841078
_private/headers_footers/tutorials_banner.htm|N|N|N|Y|1029227841078
_private/headers_footers/Xcitemplatefooter.htm|N|N|N|Y|1029227841078
general_example/images/refpoint.gif|N|N|N|Y|1136281645390
_private/2D_tutorial_answers.doc|N|N|N|Y|1122644832484
_private/3D_tutorial_answers.doc|N|N|N|Y|1040289711748
course/course_notes/SC03 Training Exercises.doc|N|N|N|Y|1071748938328
course/course_notes/Thermal Systems Course Answers.doc|N|N|N|Y|1071748938328
css/style.css|N|N|N|Y|1071748938328
general_example/images/finaltemps.gif|N|N|N|Y|1136281645390
general_example/images/isight10.jpg|N|N|N|Y|1136281645390
general_example/images/isight11.jpg|N|N|N|Y|1136281645390
general_example/images/isight12.jpg|N|N|N|Y|1136281645390
general_example/images/isight13.jpg|N|N|N|Y|1136281645390
general_example/images/isight2.jpg|N|N|N|Y|1136281645390
general_example/images/isight3.jpg|N|N|N|Y|1136281645390
general_example/images/isight4.jpg|N|N|N|Y|1136281645390
general_example/images/isight5.jpg|N|N|N|Y|1136281645390
general_example/images/isight6.jpg|N|N|N|Y|1136281645390
general_example/images/isight7.jpg|N|N|N|Y|1136281645390
general_example/images/isight8.jpg|N|N|N|Y|1136281645390
general_example/images/isight9.jpg|N|N|N|Y|1136281645390
general_example/images/isight_problemdef.gif|N|N|N|Y|1136281645390
general_example/images/isight_stepdetails.gif|N|N|N|Y|1136281645390
general_example/images/isight_taskman.gif|N|N|N|Y|1136281645390
general_example/images/origtemps.gif|N|N|N|Y|1136281645390
presentations/IndyAcademy.heat.transfer.ppt|N|N|N|Y|1071748938328
_private/headers_footers/footer.htm|N|N|N|Y|1135251205765
_private/headers_footers/header.htm|N|N|N|Y|1071748938328
_private/headers_footers/images/rrblue2_01b.jpg|N|N|N|Y|1071748938328
_private/headers_footers/images/rrblue2_03b.jpg|N|N|N|Y|1071748938328
_private/headers_footers/left_banner_training.htm|N|N|N|Y|1122644832484
_private/headers_footers/softlinks.html|N|N|N|Y|1135251205765
_private/templates/template.html|N|N|N|Y|1135251205765
_private/templates/template_prevnext.html|N|N|N|Y|1135251205765
_private/templates/template_rhbanner.html|N|N|N|Y|1135251205765
3d_para_tutorials/default.html|N|N|N|Y|1135251205765
3d_para_tutorials/images/3dtut.png|N|N|N|Y|1089629654390
3d_para_tutorials/images/genbp1.gif|N|N|N|Y|1089629654390
3d_para_tutorials/images/genbp2.gif|N|N|N|Y|1089629654390
general/3dtut.exec|N|N|N|Y|1089629654390
general/3dtut.gbp|N|N|N|Y|1089629654390
general/3dtut.pm|N|N|N|Y|1103637959281
general/db_fe.v3.stp|N|N|N|Y|1089629654390
general/db_fe.v4.stp|N|N|N|Y|1089629654390
components/box_search/single_search.idq|N|N|N|Y|1103637959281
components/footer/footer.htm|N|N|N|Y|1135251205765
components/header/header.htm|N|N|N|Y|1135251205765
components/menu_bars/taskbar.htm|N|N|N|Y|1122644832484
components/required_images/background8.png|N|N|N|Y|1122644832484
components/required_images/header_image_for_template.png|N|N|N|Y|1122644832484
components/required_images/header_spacer_blank.png|N|N|N|Y|1103637959281
components/required_images/home_image_template.jpg|N|N|N|Y|1122644832484
components/required_stylesheets/common.css|N|N|N|Y|1122644832484
components/required_stylesheets/darkarrow.gif|N|N|N|Y|1103637959281
components/required_stylesheets/print.css|N|N|N|Y|1122644832484
general/tutorial_files.zip|N|N|N|Y|1103637959281
tutorials/2d2d_sc89/coupling_results.htm|N|N|N|Y|1135251205765
tutorials/2d2d_sc89/define_cfd_models.htm|N|N|N|Y|1135251205765
tutorials/2d2d_sc89/images/2D2D_cycle_definition.png|N|N|N|Y|1103637959281
tutorials/2d2d_sc89/images/2D_CFD_mesh.png|N|N|N|Y|1103637959281
tutorials/2d2d_sc89/images/2D_contour.png|N|N|N|Y|1103637959281
tutorials/2d2d_sc89/images/2D_Convecting_Zone.png|N|N|N|Y|1103637959281
tutorials/2d2d_sc89/images/2D_Misc_Panel.png|N|N|N|Y|1103637959281
tutorials/2d2d_sc89/images/2D_Models_Panel.png|N|N|N|Y|1103637959281
tutorials/2d2d_sc89/images/2D_Ramps_Panel.png|N|N|N|Y|1103637959281
tutorials/2d2d_sc89/images/2D_Real_Time_Graph.png|N|N|N|Y|1103637959281
tutorials/2d2d_sc89/images/2D_rotor_model.png|N|N|N|Y|1103637959281
tutorials/2d2d_sc89/images/2D_SC03_mesh.png|N|N|N|Y|1103637959281
tutorials/2d2d_sc89/images/2D_Walls_Panel.png|N|N|N|Y|1103637959281
tutorials/2d2d_sc89/images/boundary.plot.png|N|N|N|Y|1103637959281
tutorials/2d2d_sc89/images/contour_10000.png|N|N|N|Y|1103637959281
tutorials/2d2d_sc89/images/contour_20000.png|N|N|N|Y|1103637959281
tutorials/2d2d_sc89/images/plugin.png|N|N|N|Y|1103637959281
tutorials/2d2d_sc89/problem_intro.htm|N|N|N|Y|1135251205765
tutorials/2d2d_sc89/real_time_monitor.htm|N|N|N|Y|1135251205765
tutorials/2d2d_sc89/sc89_2d2d.zip|N|N|N|Y|1103637959281
tutorials/2d2d_sc89/setting_fluent_models.htm|N|N|N|Y|1135251205765
tutorials/2d2d_sc89/set_convecting_zone.htm|N|N|N|Y|1135251205765
tutorials/2d2d_sc89/set_misc.htm|N|N|N|Y|1135251205765
tutorials/2d2d_sc89/set_ramps.htm|N|N|N|Y|1135251205765
tutorials/2d2d_sc89/set_walls.htm|N|N|N|Y|1135251205765
tutorials/2d2d_sc89/start_coupling.htm|N|N|N|Y|1135251205765
tutorials/2d2d_sc89/start_sc03_sc89.htm|N|N|N|Y|1135251205765
tutorials/3d3d_sc89/coupling_results.htm|N|N|N|Y|1135251205765
tutorials/3d3d_sc89/define_cfd_models.htm|N|N|N|Y|1135251205765
tutorials/3d3d_sc89/images/3d3d_cycle_definition.png|N|N|N|Y|1103637959281
tutorials/3d3d_sc89/images/annular_geometry.png|N|N|N|Y|1103637959281
tutorials/3d3d_sc89/images/bdy_conds.png|N|N|N|Y|1103637959281
tutorials/3d3d_sc89/images/CFD_Interface.png|N|N|N|Y|1103637959281
tutorials/3d3d_sc89/images/CFD_Misc.png|N|N|N|Y|1103637959281
tutorials/3d3d_sc89/images/CFD_Models.png|N|N|N|Y|1103637959281
tutorials/3d3d_sc89/images/CFD_Ramps.png|N|N|N|Y|1103637959281
tutorials/3d3d_sc89/images/CFD_Walls.png|N|N|N|Y|1103637959281
tutorials/3d3d_sc89/images/contour.png|N|N|N|Y|1103637959281
tutorials/3d3d_sc89/images/convecting_zone.png|N|N|N|Y|1103637959281
tutorials/3d3d_sc89/images/mesh_elements.png|N|N|N|Y|1103637959281
tutorials/3d3d_sc89/images/mesh_panel.png|N|N|N|Y|1103637959281
tutorials/3d3d_sc89/images/models.png|N|N|N|Y|1103637959281
tutorials/3d3d_sc89/images/outside_geometry.png|N|N|N|Y|1103637959281
tutorials/3d3d_sc89/images/plugin.png|N|N|N|Y|1103637959281
tutorials/3d3d_sc89/images/stream.png|N|N|N|Y|1103637959281
tutorials/3d3d_sc89/problem_intro.htm|N|N|N|Y|1135251205765
tutorials/3d3d_sc89/sc89_3d3d.zip|N|N|N|Y|1103637959281
tutorials/3d3d_sc89/setting_fluent_models.htm|N|N|N|Y|1135251205765
tutorials/3d3d_sc89/set_boundary conditions.htm|N|N|N|Y|1135251205765
tutorials/3d3d_sc89/set_boundary conditions2.htm|N|N|N|Y|1135251205765
tutorials/3d3d_sc89/set_boundary conditions3.htm|N|N|N|Y|1135251205765
tutorials/3d3d_sc89/set_interfaces.htm|N|N|N|Y|1135251205765
tutorials/3d3d_sc89/set_misc.htm|N|N|N|Y|1135251205765
tutorials/3d3d_sc89/set_ramps.htm|N|N|N|Y|1135251205765
tutorials/3d3d_sc89/set_walls.htm|N|N|N|Y|1135251205765
tutorials/3d3d_sc89/start_coupling.htm|N|N|N|Y|1135251205765
tutorials/3d3d_sc89/start_sc03_sc89.htm|N|N|N|Y|1135251205765
tutorials/gk15/default.html|N|N|N|Y|1135251205765
tutorials/gk15/images/baseparm.gif|N|N|N|Y|1103637959281
tutorials/gk15/images/global_control.png|N|N|N|Y|1103637959281
tutorials/gk15/images/index.1.gif|N|N|N|Y|1103637959281
tutorials/gk15/images/sectio10.gif|N|N|N|Y|1103637959281
tutorials/gk15/images/sectio11.gif|N|N|N|Y|1103637959281
tutorials/gk15/images/sectio12.gif|N|N|N|Y|1103637959281
tutorials/gk15/images/sectio13.gif|N|N|N|Y|1103637959281
tutorials/gk15/images/sectio14.gif|N|N|N|Y|1103637959281
tutorials/gk15/images/sectio15.gif|N|N|N|Y|1103637959281
tutorials/gk15/images/sectio16.gif|N|N|N|Y|1103637959281
tutorials/gk15/images/sectio17.gif|N|N|N|Y|1103637959281
tutorials/gk15/images/sectio18.gif|N|N|N|Y|1103637959281
tutorials/gk15/images/sectio19.gif|N|N|N|Y|1103637959281
tutorials/gk15/images/sectio2.jpg|N|N|N|Y|1103637959281
tutorials/gk15/images/sectio20.gif|N|N|N|Y|1103637959281
tutorials/gk15/images/sectio21.gif|N|N|N|Y|1103637959281
tutorials/gk15/images/sectio22.gif|N|N|N|Y|1103637959281
tutorials/gk15/images/sectio23.gif|N|N|N|Y|1103637959281
tutorials/gk15/images/sectio24.gif|N|N|N|Y|1103637959281
tutorials/gk15/images/sectio25.gif|N|N|N|Y|1103637959281
tutorials/gk15/images/sectio26.gif|N|N|N|Y|1103637959281
tutorials/gk15/images/sectio27.gif|N|N|N|Y|1103637959281
tutorials/gk15/images/sectio28.gif|N|N|N|Y|1103637959281
tutorials/gk15/images/sectio29.gif|N|N|N|Y|1103637959281
tutorials/gk15/images/sectio3.gif|N|N|N|Y|1103637959281
tutorials/gk15/images/sectio30.gif|N|N|N|Y|1103637959281
tutorials/gk15/images/sectio31.gif|N|N|N|Y|1103637959281
tutorials/gk15/images/sectio32.gif|N|N|N|Y|1103637959281
tutorials/gk15/images/sectio33.gif|N|N|N|Y|1103637959281
tutorials/gk15/images/sectio34.gif|N|N|N|Y|1103637959281
tutorials/gk15/images/sectio35.gif|N|N|N|Y|1103637959281
tutorials/gk15/images/sectio36.gif|N|N|N|Y|1103637959281
tutorials/gk15/images/sectio37.gif|N|N|N|Y|1103637959281
tutorials/gk15/images/sectio38.gif|N|N|N|Y|1103637959281
tutorials/gk15/images/sectio39.gif|N|N|N|Y|1103637959281
tutorials/gk15/images/sectio4.jpg|N|N|N|Y|1103637959281
tutorials/gk15/images/sectio40.gif|N|N|N|Y|1103637959281
tutorials/gk15/images/sectio41.gif|N|N|N|Y|1103637959281
tutorials/gk15/images/sectio42.gif|N|N|N|Y|1103637959281
tutorials/gk15/images/sectio43.gif|N|N|N|Y|1103637959281
tutorials/gk15/images/sectio44.gif|N|N|N|Y|1103637959281
tutorials/gk15/images/sectio45.gif|N|N|N|Y|1103637959281
tutorials/gk15/images/sectio46.gif|N|N|N|Y|1103637959281
tutorials/gk15/images/sectio47.gif|N|N|N|Y|1103637959281
tutorials/gk15/images/sectio48.gif|N|N|N|Y|1103637959281
tutorials/gk15/images/sectio49.gif|N|N|N|Y|1103637959281
tutorials/gk15/images/sectio5.gif|N|N|N|Y|1103637959281
tutorials/gk15/images/sectio50.gif|N|N|N|Y|1103637959281
tutorials/gk15/images/sectio6.gif|N|N|N|Y|1103637959281
tutorials/gk15/images/sectio7.gif|N|N|N|Y|1103637959281
tutorials/gk15/images/sectio8.gif|N|N|N|Y|1103637959281
tutorials/gk15/images/sectio9.gif|N|N|N|Y|1103637959281
tutorials/gk15/images/thermal_control.png|N|N|N|Y|1103637959281
tutorials/gk15/section1.html|N|N|N|Y|1135251205765
tutorials/gk15/section2.html|N|N|N|Y|1135251205765
tutorials/gk15/section3.html|N|N|N|Y|1135251205765
tutorials/gk15/section4.html|N|N|N|Y|1135251205765
tutorials/gk15/Test.txt|N|N|N|Y|1103637959281
_private/headers_footers/gk15_links.html|N|N|N|Y|1103637959281
2d_tutorial/2d_mastery_test.htm|N|N|N|Y|1122644832484
2d_tutorial/boundary_conditions.htm|N|N|N|Y|1135251205765
2d_tutorial/boundary_conditions_2.htm|N|N|N|Y|1135251205765
2d_tutorial/boundary_conditions_3.htm|N|N|N|Y|1135251205765
2d_tutorial/certificate.htm|N|N|N|Y|1122644832484
2d_tutorial/cycle_definitions.htm|N|N|N|Y|1135251205765
2d_tutorial/default.htm|N|N|N|Y|1135251205765
2d_tutorial/geom_mesh.htm|N|N|N|Y|1135251205765
2d_tutorial/geom_mesh2.htm|N|N|N|Y|1135251205765
2d_tutorial/images/1bullet.jpg|N|N|N|Y|1122644832484
2d_tutorial/images/1bulletblu.jpg|N|N|N|Y|1122644832484
2d_tutorial/images/2dgeom1.gif|N|N|N|Y|1122644832484
2d_tutorial/images/2dgeom1.jpg|N|N|N|Y|1122644832484
2d_tutorial/images/2dgeom2.gif|N|N|N|Y|1122644832484
2d_tutorial/images/2dgeom3.gif|N|N|N|Y|1122644832484
2d_tutorial/images/2dstream4.png|N|N|N|Y|1122644832484
2d_tutorial/images/2dtutor.2D_geom_palette.gif|N|N|N|Y|1122644832484
2d_tutorial/images/2dtutor.BC_conv1_illus.gif|N|N|N|Y|1122644832484
2d_tutorial/images/2dtutor.BC_conv2_illus.gif|N|N|N|Y|1122644832484
2d_tutorial/images/2dtutor.BC_duct1_illus.gif|N|N|N|Y|1122644832484
2d_tutorial/images/2dtutor.BC_stream1_illus.gif|N|N|N|Y|1122644832484
2d_tutorial/images/2dtutor.BC_stream2_illus.gif|N|N|N|Y|1122644832484
2d_tutorial/images/2dtutor.BC_stream3_illus.gif|N|N|N|Y|1122644832484
2d_tutorial/images/2dtutor.BC_stream4_illus.gif|N|N|N|Y|1122644832484
2d_tutorial/images/2dtutor.BC_void1_illus.gif|N|N|N|Y|1122644832484
2d_tutorial/images/2dtutor.chain_error_key.gif|N|N|N|Y|1122644832484
2d_tutorial/images/2dtutor.conf_run_panel.gif|N|N|N|Y|1122644832484
2d_tutorial/images/2dtutor.contour_type_panel.gif|N|N|N|Y|1122644832484
2d_tutorial/images/2dtutor.cyc_defn_panel.gif|N|N|N|Y|1122644832484
2d_tutorial/images/2dtutor.data_item_panel.gif|N|N|N|Y|1122644832484
2d_tutorial/images/2dtutor.def_graph_lay_graph.gif|N|N|N|Y|1122644832484
2d_tutorial/images/2dtutor.disc_section_illus.gif|N|N|N|Y|1122644832484
2d_tutorial/images/2dtutor.disc_single_segmnt_illus.gif|N|N|N|Y|1122644832484
2d_tutorial/images/2dtutor.disp_set_panel.gif|N|N|N|Y|1122644832484
2d_tutorial/images/2dtutor.domain_cont_panel.gif|N|N|N|Y|1122644832484
2d_tutorial/images/2dtutor.dragbox_toggles.gif|N|N|N|Y|1122644832484
2d_tutorial/images/2dtutor.drawline_co-ord_RH_menu.gif|N|N|N|Y|1122644832484
2d_tutorial/images/2dtutor.drawline_end_RH_menu.gif|N|N|N|Y|1122644832484
2d_tutorial/images/2dtutor.end_co-ord_panel.gif|N|N|N|Y|1122644832484
2d_tutorial/images/2dtutor.geom_chained_ok.gif|N|N|N|Y|1122644832484
2d_tutorial/images/2dtutor.geom_cont_panel.gif|N|N|N|Y|1122644832484
2d_tutorial/images/2dtutor.geom_error_panel.gif|N|N|N|Y|1122644832484
2d_tutorial/images/2dtutor.get_result_values.gif|N|N|N|Y|1122644832484
2d_tutorial/images/2dtutor.global_cont_panel.gif|N|N|N|Y|1122644832484
2d_tutorial/images/2dtutor.graph_layout1_panel.gif|N|N|N|Y|1122644832484
2d_tutorial/images/2dtutor.graph_layout2_panel.gif|N|N|N|Y|1122644832484
2d_tutorial/images/2dtutor.graph_layout3_panel.gif|N|N|N|Y|1122644832484
2d_tutorial/images/2dtutor.graph_layout4_panel.gif|N|N|N|Y|1122644832484
2d_tutorial/images/2dtutor.int_line_illus.gif|N|N|N|Y|1122644832484
2d_tutorial/images/2dtutor.int_line_panel.gif|N|N|N|Y|1122644832484
2d_tutorial/images/2dtutor.load_sc03_full_path_shell.gif|N|N|N|Y|1122644832484
2d_tutorial/images/2dtutor.load_sc03_shell.gif|N|N|N|Y|1122644832484
2d_tutorial/images/2dtutor.load_vw34_full_path_shell.gif|N|N|N|Y|1122644832484
2d_tutorial/images/2dtutor.load_vw34_shell.gif|N|N|N|Y|1122644832484
2d_tutorial/images/2dtutor.mesh_cont_panel.gif|N|N|N|Y|1122644832484
2d_tutorial/images/2dtutor.missing_line_illus.gif|N|N|N|Y|1122644832484
2d_tutorial/images/2dtutor.open_dbase_panel.gif|N|N|N|Y|1122644832484
2d_tutorial/images/2dtutor.plot_env_param.gif|N|N|N|Y|1122644832484
2d_tutorial/images/2dtutor.prop_disp_panel_thermal.gif|N|N|N|Y|1122644832484
2d_tutorial/images/2dtutor.prop_disp_panel_thermBC.gif|N|N|N|Y|1122644832484
2d_tutorial/images/2dtutor.ref_points_panel.gif|N|N|N|Y|1122644832484
2d_tutorial/images/2dtutor.run_fail_panel.gif|N|N|N|Y|1122644832484
2d_tutorial/images/2dtutor.run_ok_panel.gif|N|N|N|Y|1122644832484
2d_tutorial/images/2dtutor.save_dbase_panel.gif|N|N|N|Y|1122644832484
2d_tutorial/images/2dtutor.sc03_2D_model.gif|N|N|N|Y|1122644832484
2d_tutorial/images/2dtutor.sc03_2D_model_contour.gif|N|N|N|Y|1122644832484
2d_tutorial/images/2dtutor.sc03_analysis_pulldown.gif|N|N|N|Y|1122644832484
2d_tutorial/images/2dtutor.sc03_dispgraph_menubar.gif|N|N|N|Y|1122644832484
2d_tutorial/images/2dtutor.sc03_display_pulldown.gif|N|N|N|Y|1122644832484
2d_tutorial/images/2dtutor.sc03_filemodel_menubar.gif|N|N|N|Y|1122644832484
2d_tutorial/images/2dtutor.sc03_file_pulldown.gif|N|N|N|Y|1122644832484
2d_tutorial/images/2dtutor.sc03_graphs_pulldown.gif|N|N|N|Y|1122644832484
2d_tutorial/images/2dtutor.sc03_intro_screen.gif|N|N|N|Y|1122644832484
2d_tutorial/images/2dtutor.sc03_mesh_pulldown.gif|N|N|N|Y|1122644832484
2d_tutorial/images/2dtutor.sc03_model_pulldown.gif|N|N|N|Y|1122644832484
2d_tutorial/images/2dtutor.sc03_results_pulldown.gif|N|N|N|Y|1122644832484
2d_tutorial/images/2dtutor.sc03_structmesh_menubar.gif|N|N|N|Y|1122644832484
2d_tutorial/images/2dtutor.sc03_thermal_pulldown.gif|N|N|N|Y|1122644832484
2d_tutorial/images/2dtutor.segmented_disc_small_illus.gif|N|N|N|Y|1122644832484
2d_tutorial/images/2dtutor.span_in_out2B.JPG|N|N|N|Y|1122644832484
2d_tutorial/images/2dtutor.span_in_out3B.jpg|N|N|N|Y|1122644832484
2d_tutorial/images/2dtutor.span_in_out_1B.gif|N|N|N|Y|1122644832484
2d_tutorial/images/2dtutor.span_in_out_1B.JPG|N|N|N|Y|1122644832484
2d_tutorial/images/2dtutor.span_in_out_1_panel.gif|N|N|N|Y|1122644832484
2d_tutorial/images/2dtutor.span_in_out_2_panel.gif|N|N|N|Y|1122644832484
2d_tutorial/images/2dtutor.span_in_out_3_panel.gif|N|N|N|Y|1122644832484
2d_tutorial/images/2dtutor.span_in_out_3_panel.JPG|N|N|N|Y|1122644832484
2d_tutorial/images/2dtutor.span_in_out_3_panelb.gif|N|N|N|Y|1122644832484
2d_tutorial/images/2dtutor.start_co-ord_panel.gif|N|N|N|Y|1122644832484
2d_tutorial/images/2dtutor.summ_file_content_panel.gif|N|N|N|Y|1122644832484
2d_tutorial/images/2dtutor.therm_result_unit_panel.gif|N|N|N|Y|1122644832484
2d_tutorial/images/2dtutor.time_plot_graph.gif|N|N|N|Y|1122644832484
2d_tutorial/images/2dtutor.time_plot_xpression_panel.gif|N|N|N|Y|1122644832484
2d_tutorial/images/2dtutor.vw34_2nd_system_panel.gif|N|N|N|Y|1122644832484
2d_tutorial/images/2dtutor.vw34_base_param_panel.gif|N|N|N|Y|1122644832484
2d_tutorial/images/2dtutor.vw34_cycle_def_panel.gif|N|N|N|Y|1122644832484
2d_tutorial/images/2dtutor.vw34_cycle_panel.gif|N|N|N|Y|1122644832484
2d_tutorial/images/2dtutor.vw34_msgprog_cont_panel.gif|N|N|N|Y|1122644832484
2d_tutorial/images/2dtutor.vw34_prog_cont_panel.gif|N|N|N|Y|1122644832484
2d_tutorial/images/2dtutor.vw34_quit_button.gif|N|N|N|Y|1122644832484
2d_tutorial/images/2dtutor.vw34_span_dir_panel.gif|N|N|N|Y|1122644832484
2d_tutorial/images/2dtutor.vw34_span_read_out_panel.gif|N|N|N|Y|1122644832484
2d_tutorial/images/2dtutor.vw34_write_bdd_panel.gif|N|N|N|Y|1122644832484
2d_tutorial/images/2dtutor.whole_disc_large_illus.gif|N|N|N|Y|1122644832484
2d_tutorial/images/2dtutor.whole_disc_small_illus.gif|N|N|N|Y|1122644832484
2d_tutorial/images/2dtutor.zeroed_co-ord_panel.gif|N|N|N|Y|1122644832484
2d_tutorial/images/64x_book.jpg|N|N|N|Y|1122644832484
2d_tutorial/images/back.gif|N|N|N|Y|1122644832484
2d_tutorial/images/BCNTL_Property_Display_Thermal_BC.png|N|N|N|Y|1122644832484
2d_tutorial/images/bg001.gif|N|N|N|Y|1122644832484
2d_tutorial/images/bluebar.gif|N|N|N|Y|1122644832484
2d_tutorial/images/book.bmp|N|N|N|Y|1122644832484
2d_tutorial/images/book.jpg|N|N|N|Y|1122644832484
2d_tutorial/images/bullet.pcx|N|N|N|Y|1122644832484
2d_tutorial/images/bulletblu.PCX|N|N|N|Y|1122644832484
2d_tutorial/images/chain1.gif|N|N|N|Y|1122644832484
2d_tutorial/images/chain2.gif|N|N|N|Y|1122644832484
2d_tutorial/images/cilogo.gif|N|N|N|Y|1122644832484
2d_tutorial/images/cilogo1.gif|N|N|N|Y|1122644832484
2d_tutorial/images/cogmenu2.jpg|N|N|N|Y|1122644832484
2d_tutorial/images/contents.gif|N|N|N|Y|1122644832484
2d_tutorial/images/criteriad.GIF|N|N|N|Y|1122644832484
2d_tutorial/images/cz1.png|N|N|N|Y|1122644832484
2d_tutorial/images/CZONE_Convecting_Zone.png|N|N|N|Y|1122644832484
2d_tutorial/images/default.gif|N|N|N|Y|1122644832484
2d_tutorial/images/disc.gif|N|N|N|Y|1122644832484
2d_tutorial/images/disset.gif|N|N|N|Y|1122644832484
2d_tutorial/images/domains.png|N|N|N|Y|1122644832484
2d_tutorial/images/domain_panell.png|N|N|N|Y|1122644832484
2d_tutorial/images/duct1.png|N|N|N|Y|1122644832484
2d_tutorial/images/DUCT_Duct.png|N|N|N|Y|1122644832484
2d_tutorial/images/experts.gif|N|N|N|Y|1122644832484
2d_tutorial/images/fade_bluebar.gif|N|N|N|Y|1122644832484
2d_tutorial/images/fail.png|N|N|N|Y|1122644832484
2d_tutorial/images/faqs.gif|N|N|N|Y|1122644832484
2d_tutorial/images/feedback.gif|N|N|N|Y|1122644832484
2d_tutorial/images/fileopen.png|N|N|N|Y|1122644832484
2d_tutorial/images/forward.gif|N|N|N|Y|1122644832484
2d_tutorial/images/frontpag3.gif|N|N|N|Y|1122644832484
2d_tutorial/images/GCNTL2_Data_for_Thermal_Analyses.png|N|N|N|Y|1122644832484
2d_tutorial/images/GCNTL_Thermal_Analysis_Control.png|N|N|N|Y|1122644832484
2d_tutorial/images/gcntrl.png|N|N|N|Y|1122644832484
2d_tutorial/images/glossary.gif|N|N|N|Y|1122644832484
2d_tutorial/images/guide.bmp|N|N|N|Y|1122644832484
2d_tutorial/images/guide.jpg|N|N|N|Y|1122644832484
2d_tutorial/images/guidebutt.gif|N|N|N|Y|1122644832484
2d_tutorial/images/help.gif|N|N|N|Y|1122644832484
2d_tutorial/images/home.gif|N|N|N|Y|1122644832484
2d_tutorial/images/hpd.gif|N|N|N|Y|1122644832484
2d_tutorial/images/info.jpg|N|N|N|Y|1122644832484
2d_tutorial/images/interfacesd.GIF|N|N|N|Y|1122644832484
2d_tutorial/images/intra.gif|N|N|N|Y|1122644832484
2d_tutorial/images/intra2.gif|N|N|N|Y|1122644832484
2d_tutorial/images/ipdtraining.GIF|N|N|N|Y|1122644832484
2d_tutorial/images/i_one.bmp|N|N|N|Y|1122644832484
2d_tutorial/images/i_one.jpg|N|N|N|Y|1122644832484
2d_tutorial/images/last.gif|N|N|N|Y|1122644832484
2d_tutorial/images/last2.gif|N|N|N|Y|1122644832484
2d_tutorial/images/line.gif|N|N|N|Y|1122644832484
2d_tutorial/images/line.jpg|N|N|N|Y|1122644832484
2d_tutorial/images/ll.gif|N|N|N|Y|1122644832484
2d_tutorial/images/mandgd.gif|N|N|N|Y|1122644832484
2d_tutorial/images/menu.bmp|N|N|N|Y|1122644832484
2d_tutorial/images/menu.gif|N|N|N|Y|1122644832484
2d_tutorial/images/menu.jpg|N|N|N|Y|1122644832484
2d_tutorial/images/menu2.jpg|N|N|N|Y|1122644832484
2d_tutorial/images/menubutt.gif|N|N|N|Y|1122644832484
2d_tutorial/images/MenuScreen.JPG|N|N|N|Y|1122644832484
2d_tutorial/images/mmms.gif|N|N|N|Y|1122644832484
2d_tutorial/images/model_1.gif|N|N|N|Y|1122644832484
2d_tutorial/images/mouse.gif|N|N|N|Y|1122644832484
2d_tutorial/images/next.gif|N|N|N|Y|1122644832484
2d_tutorial/images/note.gif|N|N|N|Y|1122644832484
2d_tutorial/images/objectivesd.GIF|N|N|N|Y|1122644832484
2d_tutorial/images/pdispset.png|N|N|N|Y|1122644832484
2d_tutorial/images/penpaper.jpg|N|N|N|Y|1122644832484
2d_tutorial/images/Penpaper1.jpg|N|N|N|Y|1122644832484
2d_tutorial/images/procs.gif|N|N|N|Y|1122644832484
2d_tutorial/images/references.GIF|N|N|N|Y|1122644832484
2d_tutorial/images/rr.gif|N|N|N|Y|1122644832484
2d_tutorial/images/rrlogo.gif|N|N|N|Y|1122644832484
2d_tutorial/images/runcfm.png|N|N|N|Y|1122644832484
2d_tutorial/images/sbsd.gif|N|N|N|Y|1122644832484
2d_tutorial/images/sc03.gif|N|N|N|Y|1122644832484
2d_tutorial/images/sccss.png|N|N|N|Y|1122644832484
2d_tutorial/images/search.gif|N|N|N|Y|1122644832484
2d_tutorial/images/sizeeg.jpg|N|N|N|Y|1122644832484
2d_tutorial/images/smmry.png|N|N|N|Y|1122644832484
2d_tutorial/images/span4table.GIF|N|N|N|Y|1122644832484
2d_tutorial/images/STREAM_Stream.png|N|N|N|Y|1122644832484
2d_tutorial/images/STREAM_Stream2.png|N|N|N|Y|1122644832484
2d_tutorial/images/STREAM_Stream3.png|N|N|N|Y|1122644832484
2d_tutorial/images/STREAM_Stream4.png|N|N|N|Y|1122644832484
2d_tutorial/images/taskpromptd.GIF|N|N|N|Y|1122644832484
2d_tutorial/images/taskrefd.gif|N|N|N|Y|1122644832484
2d_tutorial/images/top.gif|N|N|N|Y|1122644832484
2d_tutorial/images/top.ht1.jpg|N|N|N|Y|1122644832484
2d_tutorial/images/topichome.GIF|N|N|N|Y|1122644832484
2d_tutorial/images/Turquoise_and_Gray_line.gif|N|N|N|Y|1122644832484
2d_tutorial/images/Turquoise_and_Gray_line_long.gif|N|N|N|Y|1122644832484
2d_tutorial/images/unapproved.GIF|N|N|N|Y|1122644832484
2d_tutorial/images/user_g2.jpg|N|N|N|Y|1122644832484
2d_tutorial/images/viewfeedbackbutton.gif|N|N|N|Y|1122644832484
2d_tutorial/images/vnbluebar.GIF|N|N|N|Y|1122644832484
2d_tutorial/images/VOID_Voijd.png|N|N|N|Y|1122644832484
2d_tutorial/images/wb01062_.gif|N|N|N|Y|1122644832484
2d_tutorial/images/whatsnew.gif|N|N|N|Y|1122644832484
2d_tutorial/introduction.htm|N|N|N|Y|1135251205765
2d_tutorial/mastery_test.htm|N|N|N|Y|1135251205765
2d_tutorial/model_controls.htm|N|N|N|Y|1135251205765
2d_tutorial/model_controls_2.htm|N|N|N|Y|1135251205765
2d_tutorial/results_processing.htm|N|N|N|Y|1135251205765
2d_tutorial/results_processing_2.htm|N|N|N|Y|1135251205765
2d_tutorial/thermal_analysis.htm|N|N|N|Y|1135251205765
2d_tutorial/vw34.htm|N|N|N|Y|1135251205765
2d_tutorial/vw34_2.htm|N|N|N|Y|1135251205765
3d_tutorial/3d_mastery_test.htm|N|N|N|Y|1122644832484
3d_tutorial/boundary_conditions1.htm|N|N|N|Y|1135251205765
3d_tutorial/boundary_conditions2.htm|N|N|N|Y|1135251205765
3d_tutorial/certificate.htm|N|N|N|Y|1122644832484
3d_tutorial/cycle_definitions.htm|N|N|N|Y|1135251205765
3d_tutorial/default.htm|N|N|N|Y|1135251205765
3d_tutorial/geom_mesh.htm|N|N|N|Y|1135251205765
3d_tutorial/geom_mesh_2.htm|N|N|N|Y|1135251205765
3d_tutorial/images/1bullet.jpg|N|N|N|Y|1122644832484
3d_tutorial/images/1bulletblu.jpg|N|N|N|Y|1122644832484
3d_tutorial/images/2dgeom1.gif|N|N|N|Y|1122644832484
3d_tutorial/images/2dgeom2.gif|N|N|N|Y|1122644832484
3d_tutorial/images/2dgeom3.gif|N|N|N|Y|1122644832484
3d_tutorial/images/2dtutor.2D_geom_palette.gif|N|N|N|Y|1122644832484
3d_tutorial/images/2dtutor.BC_conv1_illus.gif|N|N|N|Y|1122644832484
3d_tutorial/images/2dtutor.BC_conv2_illus.gif|N|N|N|Y|1122644832484
3d_tutorial/images/2dtutor.BC_duct1_illus.gif|N|N|N|Y|1122644832484
3d_tutorial/images/2dtutor.BC_stream1_illus.gif|N|N|N|Y|1122644832484
3d_tutorial/images/2dtutor.BC_stream2_illus.gif|N|N|N|Y|1122644832484
3d_tutorial/images/2dtutor.BC_stream3_illus.gif|N|N|N|Y|1122644832484
3d_tutorial/images/2dtutor.BC_stream4_illus.gif|N|N|N|Y|1122644832484
3d_tutorial/images/2dtutor.BC_void1_illus.gif|N|N|N|Y|1122644832484
3d_tutorial/images/2dtutor.chain_error_key.gif|N|N|N|Y|1122644832484
3d_tutorial/images/2dtutor.conf_run_panel.gif|N|N|N|Y|1122644832484
3d_tutorial/images/2dtutor.contour_type_panel.gif|N|N|N|Y|1122644832484
3d_tutorial/images/2dtutor.cyc_defn_panel.gif|N|N|N|Y|1122644832484
3d_tutorial/images/2dtutor.data_item_panel.gif|N|N|N|Y|1122644832484
3d_tutorial/images/2dtutor.def_graph_lay_graph.gif|N|N|N|Y|1122644832484
3d_tutorial/images/2dtutor.disc_section_illus.gif|N|N|N|Y|1122644832484
3d_tutorial/images/2dtutor.disc_single_segmnt_illus.gif|N|N|N|Y|1122644832484
3d_tutorial/images/2dtutor.disp_set_panel.gif|N|N|N|Y|1122644832484
3d_tutorial/images/2dtutor.domain_cont_panel.gif|N|N|N|Y|1122644832484
3d_tutorial/images/2dtutor.dragbox_toggles.gif|N|N|N|Y|1122644832484
3d_tutorial/images/2dtutor.drawline_co-ord_RH_menu.gif|N|N|N|Y|1122644832484
3d_tutorial/images/2dtutor.drawline_end_RH_menu.gif|N|N|N|Y|1122644832484
3d_tutorial/images/2dtutor.end_co-ord_panel.gif|N|N|N|Y|1122644832484
3d_tutorial/images/2dtutor.geom_chained_ok.gif|N|N|N|Y|1122644832484
3d_tutorial/images/2dtutor.geom_cont_panel.gif|N|N|N|Y|1122644832484
3d_tutorial/images/2dtutor.geom_error_panel.gif|N|N|N|Y|1122644832484
3d_tutorial/images/2dtutor.get_result_values.gif|N|N|N|Y|1122644832484
3d_tutorial/images/2dtutor.global_cont_panel.gif|N|N|N|Y|1122644832484
3d_tutorial/images/2dtutor.graph_layout1_panel.gif|N|N|N|Y|1122644832484
3d_tutorial/images/2dtutor.graph_layout2_panel.gif|N|N|N|Y|1122644832484
3d_tutorial/images/2dtutor.graph_layout3_panel.gif|N|N|N|Y|1122644832484
3d_tutorial/images/2dtutor.graph_layout4_panel.gif|N|N|N|Y|1122644832484
3d_tutorial/images/2dtutor.int_line_illus.gif|N|N|N|Y|1122644832484
3d_tutorial/images/2dtutor.int_line_panel.gif|N|N|N|Y|1122644832484
3d_tutorial/images/2dtutor.load_sc03_full_path_shell.gif|N|N|N|Y|1122644832484
3d_tutorial/images/2dtutor.load_sc03_shell.gif|N|N|N|Y|1122644832484
3d_tutorial/images/2dtutor.load_vw34_full_path_shell.gif|N|N|N|Y|1122644832484
3d_tutorial/images/2dtutor.load_vw34_shell.gif|N|N|N|Y|1122644832484
3d_tutorial/images/2dtutor.mesh_cont_panel.gif|N|N|N|Y|1122644832484
3d_tutorial/images/2dtutor.missing_line_illus.gif|N|N|N|Y|1122644832484
3d_tutorial/images/2dtutor.open_dbase_panel.gif|N|N|N|Y|1122644832484
3d_tutorial/images/2dtutor.plot_env_param.gif|N|N|N|Y|1122644832484
3d_tutorial/images/2dtutor.prop_disp_panel_thermal.gif|N|N|N|Y|1122644832484
3d_tutorial/images/2dtutor.prop_disp_panel_thermBC.gif|N|N|N|Y|1122644832484
3d_tutorial/images/2dtutor.ref_points_panel.gif|N|N|N|Y|1122644832484
3d_tutorial/images/2dtutor.run_fail_panel.gif|N|N|N|Y|1122644832484
3d_tutorial/images/2dtutor.run_ok_panel.gif|N|N|N|Y|1122644832484
3d_tutorial/images/2dtutor.save_dbase_panel.gif|N|N|N|Y|1122644832484
3d_tutorial/images/2dtutor.sc03_2D_model.gif|N|N|N|Y|1122644832484
3d_tutorial/images/2dtutor.sc03_2D_model_contour.gif|N|N|N|Y|1122644832484
3d_tutorial/images/2dtutor.sc03_analysis_pulldown.gif|N|N|N|Y|1122644832484
3d_tutorial/images/2dtutor.sc03_dispgraph_menubar.gif|N|N|N|Y|1122644832484
3d_tutorial/images/2dtutor.sc03_display_pulldown.gif|N|N|N|Y|1122644832484
3d_tutorial/images/2dtutor.sc03_filemodel_menubar.gif|N|N|N|Y|1122644832484
3d_tutorial/images/2dtutor.sc03_file_pulldown.gif|N|N|N|Y|1122644832484
3d_tutorial/images/2dtutor.sc03_graphs_pulldown.gif|N|N|N|Y|1122644832484
3d_tutorial/images/2dtutor.sc03_intro_screen.gif|N|N|N|Y|1122644832484
3d_tutorial/images/2dtutor.sc03_mesh_pulldown.gif|N|N|N|Y|1122644832484
3d_tutorial/images/2dtutor.sc03_model_pulldown.gif|N|N|N|Y|1122644832484
3d_tutorial/images/2dtutor.sc03_results_pulldown.gif|N|N|N|Y|1122644832484
3d_tutorial/images/2dtutor.sc03_structmesh_menubar.gif|N|N|N|Y|1122644832484
3d_tutorial/images/2dtutor.sc03_thermal_pulldown.gif|N|N|N|Y|1122644832484
3d_tutorial/images/2dtutor.segmented_disc_small_illus.gif|N|N|N|Y|1122644832484
3d_tutorial/images/2dtutor.span_in_out2B.JPG|N|N|N|Y|1122644832484
3d_tutorial/images/2dtutor.span_in_out3B.jpg|N|N|N|Y|1122644832484
3d_tutorial/images/2dtutor.span_in_out_1B.gif|N|N|N|Y|1122644832484
3d_tutorial/images/2dtutor.span_in_out_1B.JPG|N|N|N|Y|1122644832484
3d_tutorial/images/2dtutor.span_in_out_1_panel.gif|N|N|N|Y|1122644832484
3d_tutorial/images/2dtutor.span_in_out_2_panel.gif|N|N|N|Y|1122644832484
3d_tutorial/images/2dtutor.span_in_out_3_panel.gif|N|N|N|Y|1122644832484
3d_tutorial/images/2dtutor.span_in_out_3_panel.JPG|N|N|N|Y|1122644832484
3d_tutorial/images/2dtutor.span_in_out_3_panelb.gif|N|N|N|Y|1122644832484
3d_tutorial/images/2dtutor.start_co-ord_panel.gif|N|N|N|Y|1122644832484
3d_tutorial/images/2dtutor.summ_file_content_panel.gif|N|N|N|Y|1122644832484
3d_tutorial/images/2dtutor.therm_result_unit_panel.gif|N|N|N|Y|1122644832484
3d_tutorial/images/2dtutor.time_plot_graph.gif|N|N|N|Y|1122644832484
3d_tutorial/images/2dtutor.time_plot_xpression_panel.gif|N|N|N|Y|1122644832484
3d_tutorial/images/2dtutor.vw34_2nd_system_panel.gif|N|N|N|Y|1122644832484
3d_tutorial/images/2dtutor.vw34_base_param_panel.gif|N|N|N|Y|1122644832484
3d_tutorial/images/2dtutor.vw34_cycle_def_panel.gif|N|N|N|Y|1122644832484
3d_tutorial/images/2dtutor.vw34_cycle_panel.gif|N|N|N|Y|1122644832484
3d_tutorial/images/2dtutor.vw34_msgprog_cont_panel.gif|N|N|N|Y|1122644832484
3d_tutorial/images/2dtutor.vw34_prog_cont_panel.gif|N|N|N|Y|1122644832484
3d_tutorial/images/2dtutor.vw34_quit_button.gif|N|N|N|Y|1122644832484
3d_tutorial/images/2dtutor.vw34_span_dir_panel.gif|N|N|N|Y|1122644832484
3d_tutorial/images/2dtutor.vw34_span_read_out_panel.gif|N|N|N|Y|1122644832484
3d_tutorial/images/2dtutor.vw34_write_bdd_panel.gif|N|N|N|Y|1122644832484
3d_tutorial/images/2dtutor.whole_disc_large_illus.gif|N|N|N|Y|1122644832484
3d_tutorial/images/2dtutor.whole_disc_small_illus.gif|N|N|N|Y|1122644832484
3d_tutorial/images/2dtutor.zeroed_co-ord_panel.gif|N|N|N|Y|1122644832484
3d_tutorial/images/3d.gif|N|N|N|Y|1122644832484
3d_tutorial/images/3dtutor.contour_type_panel.gif|N|N|N|Y|1122644832484
3d_tutorial/images/3dtutor.contour_type_panel2.gif|N|N|N|Y|1122644832484
3d_tutorial/images/3dtutor.sc03_file&model_menubar.gif|N|N|N|Y|1122644832484
3d_tutorial/images/3dtutor.sc03_file_pulldown.gif|N|N|N|Y|1122644832484
3d_tutorial/images/3dtutor.sc03_mesh_pulldown.gif|N|N|N|Y|1122644832484
3d_tutorial/images/3dtutor.sc03_struct&mesh_menubar.gif|N|N|N|Y|1122644832484
3d_tutorial/images/3dtutor.supp_mesh_refine_panel.gif|N|N|N|Y|1122644832484
3d_tutorial/images/3dtutor18.gif|N|N|N|Y|1122644832484
3d_tutorial/images/3dtutor37.gif|N|N|N|Y|1122644832484
3d_tutorial/images/3dtutor38.gif|N|N|N|Y|1122644832484
3d_tutorial/images/3dtutor39.gif|N|N|N|Y|1122644832484
3d_tutorial/images/3dtutor40.gif|N|N|N|Y|1122644832484
3d_tutorial/images/3dtutor41.gif|N|N|N|Y|1122644832484
3d_tutorial/images/3dtutor42.gif|N|N|N|Y|1122644832484
3d_tutorial/images/3dtutor43.gif|N|N|N|Y|1122644832484
3d_tutorial/images/3dtutor44.gif|N|N|N|Y|1122644832484
3d_tutorial/images/3dtutor46.gif|N|N|N|Y|1122644832484
3d_tutorial/images/3dtutor53.gif|N|N|N|Y|1122644832484
3d_tutorial/images/3dtutor59.gif|N|N|N|Y|1122644832484
3d_tutorial/images/3dtutor61.gif|N|N|N|Y|1122644832484
3d_tutorial/images/3dtutor62.gif|N|N|N|Y|1122644832484
3d_tutorial/images/64x_book.jpg|N|N|N|Y|1122644832484
3d_tutorial/images/alt_rrlogo.gif|N|N|N|Y|1122644832484
3d_tutorial/images/back.gif|N|N|N|Y|1122644832484
3d_tutorial/images/bg001.gif|N|N|N|Y|1122644832484
3d_tutorial/images/bluebar.gif|N|N|N|Y|1122644832484
3d_tutorial/images/book.bmp|N|N|N|Y|1122644832484
3d_tutorial/images/book.jpg|N|N|N|Y|1122644832484
3d_tutorial/images/bounda2.jpg|N|N|N|Y|1122644832484
3d_tutorial/images/bullet.pcx|N|N|N|Y|1122644832484
3d_tutorial/images/bulletblu.PCX|N|N|N|Y|1122644832484
3d_tutorial/images/chain1.gif|N|N|N|Y|1122644832484
3d_tutorial/images/chain2.gif|N|N|N|Y|1122644832484
3d_tutorial/images/cilogo.gif|N|N|N|Y|1122644832484
3d_tutorial/images/cilogo1.gif|N|N|N|Y|1122644832484
3d_tutorial/images/cogmenu2.jpg|N|N|N|Y|1122644832484
3d_tutorial/images/contents.gif|N|N|N|Y|1122644832484
3d_tutorial/images/criteriad.GIF|N|N|N|Y|1122644832484
3d_tutorial/images/default.gif|N|N|N|Y|1122644832484
3d_tutorial/images/disc.gif|N|N|N|Y|1122644832484
3d_tutorial/images/disp.gif|N|N|N|Y|1122644832484
3d_tutorial/images/domcnt.gif|N|N|N|Y|1122644832484
3d_tutorial/images/dump.jpg|N|N|N|Y|1122644832484
3d_tutorial/images/experts.gif|N|N|N|Y|1122644832484
3d_tutorial/images/fade_bluebar.gif|N|N|N|Y|1122644832484
3d_tutorial/images/faqs.gif|N|N|N|Y|1122644832484
3d_tutorial/images/feedback.gif|N|N|N|Y|1122644832484
3d_tutorial/images/forward.gif|N|N|N|Y|1122644832484
3d_tutorial/images/frontpag3.gif|N|N|N|Y|1122644832484
3d_tutorial/images/global_cont_panel.gif|N|N|N|Y|1122644832484
3d_tutorial/images/glossary.gif|N|N|N|Y|1122644832484
3d_tutorial/images/guide.bmp|N|N|N|Y|1122644832484
3d_tutorial/images/guide.jpg|N|N|N|Y|1122644832484
3d_tutorial/images/guidebutt.gif|N|N|N|Y|1122644832484
3d_tutorial/images/help.gif|N|N|N|Y|1122644832484
3d_tutorial/images/home.gif|N|N|N|Y|1122644832484
3d_tutorial/images/hpd.gif|N|N|N|Y|1122644832484
3d_tutorial/images/info.jpg|N|N|N|Y|1122644832484
3d_tutorial/images/interfacesd.GIF|N|N|N|Y|1122644832484
3d_tutorial/images/ipdtraining.GIF|N|N|N|Y|1122644832484
3d_tutorial/images/i_one.bmp|N|N|N|Y|1122644832484
3d_tutorial/images/i_one.jpg|N|N|N|Y|1122644832484
3d_tutorial/images/last.gif|N|N|N|Y|1122644832484
3d_tutorial/images/last2.gif|N|N|N|Y|1122644832484
3d_tutorial/images/lessons.gif|N|N|N|Y|1122644832484
3d_tutorial/images/line.gif|N|N|N|Y|1122644832484
3d_tutorial/images/line.jpg|N|N|N|Y|1122644832484
3d_tutorial/images/ll.gif|N|N|N|Y|1122644832484
3d_tutorial/images/mandgd.gif|N|N|N|Y|1122644832484
3d_tutorial/images/menu.bmp|N|N|N|Y|1122644832484
3d_tutorial/images/menu.gif|N|N|N|Y|1122644832484
3d_tutorial/images/menu.jpg|N|N|N|Y|1122644832484
3d_tutorial/images/menu2.jpg|N|N|N|Y|1122644832484
3d_tutorial/images/menubutt.gif|N|N|N|Y|1122644832484
3d_tutorial/images/MenuScreen.JPG|N|N|N|Y|1122644832484
3d_tutorial/images/meshcnt.gif|N|N|N|Y|1122644832484
3d_tutorial/images/meshpanel.gif|N|N|N|Y|1122644832484
3d_tutorial/images/mmms.gif|N|N|N|Y|1122644832484
3d_tutorial/images/mouse.gif|N|N|N|Y|1122644832484
3d_tutorial/images/next.gif|N|N|N|Y|1122644832484
3d_tutorial/images/note.gif|N|N|N|Y|1122644832484
3d_tutorial/images/objectivesd.GIF|N|N|N|Y|1122644832484
3d_tutorial/images/penpaper.jpg|N|N|N|Y|1122644832484
3d_tutorial/images/Penpaper1.jpg|N|N|N|Y|1122644832484
3d_tutorial/images/procedures.gif|N|N|N|Y|1122644832484
3d_tutorial/images/procs.gif|N|N|N|Y|1122644832484
3d_tutorial/images/references.GIF|N|N|N|Y|1122644832484
3d_tutorial/images/reptemp.gif|N|N|N|Y|1122644832484
3d_tutorial/images/reptemp2.gif|N|N|N|Y|1122644832484
3d_tutorial/images/result1.jpg|N|N|N|Y|1122644832484
3d_tutorial/images/rr.gif|N|N|N|Y|1122644832484
3d_tutorial/images/rrlogo.gif|N|N|N|Y|1122644832484
3d_tutorial/images/sbsd.gif|N|N|N|Y|1122644832484
3d_tutorial/images/sc03.gif|N|N|N|Y|1122644832484
3d_tutorial/images/search.gif|N|N|N|Y|1122644832484
3d_tutorial/images/sizeeg.jpg|N|N|N|Y|1122644832484
3d_tutorial/images/span4table.GIF|N|N|N|Y|1122644832484
3d_tutorial/images/step.gif|N|N|N|Y|1122644832484
3d_tutorial/images/stream1.png|N|N|N|Y|1122644832484
3d_tutorial/images/stream_2.png|N|N|N|Y|1122644832484
3d_tutorial/images/Stream_3.png|N|N|N|Y|1122644832484
3d_tutorial/images/Stream_4.png|N|N|N|Y|1122644832484
3d_tutorial/images/taskpromptd.GIF|N|N|N|Y|1122644832484
3d_tutorial/images/taskrefd.gif|N|N|N|Y|1122644832484
3d_tutorial/images/thermo_mech.gif|N|N|N|Y|1122644832484
3d_tutorial/images/top.gif|N|N|N|Y|1122644832484
3d_tutorial/images/top.ht1.jpg|N|N|N|Y|1122644832484
3d_tutorial/images/topichome.GIF|N|N|N|Y|1122644832484
3d_tutorial/images/training.gif|N|N|N|Y|1122644832484
3d_tutorial/images/Turquoise_and_Gray_line.gif|N|N|N|Y|1122644832484
3d_tutorial/images/Turquoise_and_Gray_line_long.gif|N|N|N|Y|1122644832484
3d_tutorial/images/unapproved.GIF|N|N|N|Y|1122644832484
3d_tutorial/images/units.gif|N|N|N|Y|1122644832484
3d_tutorial/images/user_g2.jpg|N|N|N|Y|1122644832484
3d_tutorial/images/viewfeedbackbutton.gif|N|N|N|Y|1122644832484
3d_tutorial/images/vnbluebar.GIF|N|N|N|Y|1122644832484
3d_tutorial/images/VOID_Void.png|N|N|N|Y|1122644832484
3d_tutorial/images/wb01062_.gif|N|N|N|Y|1122644832484
3d_tutorial/images/whatsnew.gif|N|N|N|Y|1122644832484
3d_tutorial/images/Zone_1.png|N|N|N|Y|1122644832484
3d_tutorial/images/Zone_2.png|N|N|N|Y|1122644832484
3d_tutorial/introduction.htm|N|N|N|Y|1135251205765
3d_tutorial/mastery_test.htm|N|N|N|Y|1135251205765
3d_tutorial/model_controls.htm|N|N|N|Y|1135251205765
3d_tutorial/model_controls_2.htm|N|N|N|Y|1135251205765
3d_tutorial/results_processing.htm|N|N|N|Y|1135251205765
3d_tutorial/results_processing_2.htm|N|N|N|Y|1135251205765
3d_tutorial/thermal_analysis.htm|N|N|N|Y|1135251205765
3d_tutorial/vw34.htm|N|N|N|Y|1135251205765
3d_tutorial/vw34_2.htm|N|N|N|Y|1135251205765
components/header/00125b.png|N|N|N|Y|1122644832484
components/header/rr.png|N|N|N|Y|1122644832484
components/header/thermomech.png|N|N|N|Y|1122644832484
components/menu_bars/2d_tutorial_links.htm|N|N|N|Y|1122644832484
components/menu_bars/3d_tutorial_links.htm|N|N|N|Y|1122644832484
components/menu_bars/General_example_links.htm|N|N|N|Y|1135251205765
components/menu_bars/SC89_2d_tutorial_links.htm|N|N|N|Y|1122644832484
components/menu_bars/SC89_3d_tutorial_links.htm|N|N|N|Y|1122644832484
components/menu_bars/trainingbar.htm|N|N|N|Y|1135251205765
components/required_images/corporate_home_image.jpg|N|N|N|Y|1122644832484
components/required_images/ct_home_image_master.jpg|N|N|N|Y|1122644832484
components/required_images/extra_homepage_image.jpg|N|N|N|Y|1122644832484
components/required_images/home_image_sample.jpg|N|N|N|Y|1122644832484
components/required_images/nm_topic_home.jpg|N|N|N|Y|1122644832484
components/required_images/screengrab_test1.png|N|N|N|Y|1122644832484
components/required_images/small_sample.jpg|N|N|N|Y|1122644832484
components/required_images/sub_homepage_master.jpg|N|N|N|Y|1122644832484
components/required_stylesheets/dots.gif|N|N|N|Y|1122644832484
components/required_stylesheets/greyarrow.gif|N|N|N|Y|1122644832484
course/hand_calcs/default.html|N|N|N|Y|1135251205765
course/hand_calcs/hand_calc.zip|N|N|N|Y|1122644832484
course/hand_calcs/thermals_hand_calculations.ppt|N|N|N|Y|1122644832484
course/hand_calcs/transient_scaling.zip|N|N|N|Y|1122644832484
general/3dtut_tag.zip|N|N|N|Y|1122644832484
general_example/ex4_helpa.htm|N|N|N|Y|1136282584500
general_example/ex_1_results.htm|N|N|N|Y|1136282584500
general_example/ex_2_results.htm|N|N|N|Y|1136282584500
general_example/ex_3_results.htm|N|N|N|Y|1136281645390
general_example/help_template.htm|N|N|N|Y|1136282584500
general_example/images/Ex4_re2.gif|N|N|N|Y|1136281645390
general_example/images/Ex4_re3.gif|N|N|N|Y|1136281645390
general_example/sec4_help.htm|N|N|N|Y|1136282584500
images/bounda2.jpg|N|N|N|Y|1122644832484
template_pages/alternative_homepage.html|N|N|N|Y|1135251205765
template_pages/back_template.htm|N|N|N|Y|1135251205765
template_pages/description.html|N|N|N|Y|1135251205765
template_pages/example_styles.html|N|N|N|Y|1135251205765
template_pages/expanded_homepage.htm|N|N|N|Y|1135251205765
template_pages/glossary.html|N|N|N|Y|1135251205765
template_pages/inputs.html|N|N|N|Y|1135251205765
template_pages/introduction.html|N|N|N|Y|1135251205765
template_pages/news_page.html|N|N|N|Y|1135251205765
template_pages/objectives.html|N|N|N|Y|1135251205765
template_pages/open_table.htm|N|N|N|Y|1135251205765
template_pages/outputs.html|N|N|N|Y|1135251205765
template_pages/people_page.html|N|N|N|Y|1135251205765
template_pages/prev_next_template.htm|N|N|N|Y|1135251205765
template_pages/products_services.html|N|N|N|Y|1135251205765
template_pages/prompt_list.html|N|N|N|Y|1135251205765
template_pages/references.html|N|N|N|Y|1135251205765
template_pages/resources.html|N|N|N|Y|1135251205765
template_pages/role.html|N|N|N|Y|1135251205765
template_pages/rules_criteria_decision.html|N|N|N|Y|1135251205765
template_pages/sample_tables.html|N|N|N|Y|1135251205765
template_pages/screen_shot.htm|N|N|N|Y|1135251205765
template_pages/skills_people_experts.html|N|N|N|Y|1135251205765
template_pages/sub_site_homepage.htm|N|N|N|Y|1135251205765
template_pages/task_page.html|N|N|N|Y|1135251205765
template_pages/training.html|N|N|N|Y|1135251205765
template_pages/training_introduction.htm|N|N|N|Y|1135251205765
tutorials/2d2d_sc89/index.htm|N|N|N|Y|1135251205765
tutorials/3d3d_sc89/index.htm|N|N|N|Y|1135251205765
2d_tutorial/images/domprop.png|N|N|N|Y|1135251205765
3d_tutorial/images/stream4.png|N|N|N|Y|1135251205765
3d_tutorial/images/void1.png|N|N|N|Y|1135251205765
back_template.htm|N|N|N|Y|1135251205765
general_example/ex7a_1.htm|N|N|N|Y|1136281645390
general_example/ex7a_2.htm|N|N|N|Y|1136281645390
general_example/ex_4_results.htm|N|N|N|Y|1136281645390
general_example/ex_5_results.htm|N|N|N|Y|1136281645390
general_example/ex_6_1.htm|N|N|N|Y|1136281645390
general_example/ex_6_2.htm|N|N|N|Y|1136281645390
general_example/images/SOFT1.04.gif|N|N|N|Y|1136281645390
general_example/images/SOFT1.05.gif|N|N|N|Y|1136281645390
general_example/images/SOFT1.1.gif|N|N|N|Y|1136281645390
general_example/images/SOFT1.10.gif|N|N|N|Y|1136281645390
general_example/images/SOFT1.10x.gif|N|N|N|Y|1136281645390
general_example/images/SOFT1.11.gif|N|N|N|Y|1136281645390
general_example/images/SOFT1.11x.gif|N|N|N|Y|1136281645390
general_example/images/SOFT1.12.gif|N|N|N|Y|1136281645390
general_example/images/SOFT1.12x.gif|N|N|N|Y|1136281645390
general_example/images/SOFT1.12y.gif|N|N|N|Y|1136281645390
general_example/images/SOFT1.13.gif|N|N|N|Y|1136281645390
general_example/images/SOFT1.13x.gif|N|N|N|Y|1136281645390
general_example/images/SOFT1.13y.gif|N|N|N|Y|1136281645390
general_example/images/SOFT1.14.gif|N|N|N|Y|1136281645390
general_example/images/SOFT1.15.gif|N|N|N|Y|1136281645390
general_example/images/SOFT1.16.gif|N|N|N|Y|1136281645390
general_example/images/SOFT1.17.gif|N|N|N|Y|1136281645390
general_example/images/SOFT1.17x.gif|N|N|N|Y|1136281645390
general_example/images/SOFT1.1a.gif|N|N|N|Y|1136281645390
general_example/images/SOFT1.1x.gif|N|N|N|Y|1136281645390
general_example/images/SOFT1.2.gif|N|N|N|Y|1136281645390
general_example/images/SOFT1.2a.gif|N|N|N|Y|1136281645390
general_example/images/SOFT1.2x.gif|N|N|N|Y|1136281645390
general_example/images/SOFT1.3.gif|N|N|N|Y|1136281645390
general_example/images/SOFT1.3x.gif|N|N|N|Y|1136281645390
general_example/images/SOFT1.4.gif|N|N|N|Y|1136281645390
general_example/images/SOFT1.4x.gif|N|N|N|Y|1136281645390
general_example/images/SOFT1.5.gif|N|N|N|Y|1136281640093
general_example/images/SOFT1.6.gif|N|N|N|Y|1136281640093
general_example/images/SOFT1.6x.gif|N|N|N|Y|1136281640093
general_example/images/SOFT1.7.gif|N|N|N|Y|1136281640093
general_example/images/SOFT1.7x.gif|N|N|N|Y|1136281640093
general_example/images/SOFT1.8.gif|N|N|N|Y|1136281640093
general_example/images/SOFT1.8x.gif|N|N|N|Y|1136281640093
general_example/images/SOFT1.9.gif|N|N|N|Y|1136281640093
general_example/images/SOFT1.9x.gif|N|N|N|Y|1136281640093
general_example/images/SOFT2.1a.gif|N|N|N|Y|1136281640093
general_example/images/SOFT2.2a.gif|N|N|N|Y|1136281640093
general_example/images/SOFT3.3.gif|N|N|N|Y|1136281640093
SC01.htm|N|N|N|Y|1135251205765
template_pages/site_map.htm|N|N|N|Y|1135251205765
